{
	"code": 200,
	"msg": "成功",
	"data": [120.163361, 30.263888]
}